ciutat,pagina,zona,carrer,preu,m2,preu_m2,nHab,nBanys
girona,1,Santa Eugènia,,800,114,7,4,1
girona,1,"Montilivi, Palau, Eixample Sud-Migdia",,630,70,9,2,1
girona,1,"Montilivi, Palau, Eixample Sud-Migdia",,630,80,8,2,1
girona,1,"Montilivi, Palau, Eixample Nord",,1.500,120,13,4,2
girona,1,"Montilivi, Palau, Eixample Sud-Migdia",,650,54,12,2,1
girona,1,"Montilivi, Palau, Santa Eugenia",,500,67,7,1,1
girona,1,"Montilivi, Palau, Eixample Nord",,800,170,5,2,2
girona,1,"Montilivi, Palau, Eixample Sud-Migdia",,850,107,8,4,2
girona,1,"Montilivi, Palau",,2.500,300,8,3,3
girona,1,"Montilivi, Palau, Pont Major-Pedret",,350,70,5,3,1
girona,1,"Montilivi, Palau",,800,87,9,2,1
girona,1,"Montilivi, Palau, Centre-Barri Vell",,500,49,10,1,1
girona,1,"Montilivi, Palau",,850,96,9,3,2
girona,1,"Montilivi, Palau, Centre-Carme",,1.000,147,7,3,2
girona,1,"Montilivi, Palau, Centre-Carme",,600,42,14,1,1
girona,1,"Montilivi, Palau",,850,92,9,3,2
girona,1,"Montilivi, Palau, Centre-Barri Vell",,900,70,13,2,1
girona,1,"Montilivi, Palau, Eixample Sud-Migdia",,830,95,9,3,1
girona,1,"Montilivi, Palau, Santa Eugenia",,1.300,150,9,5,3
girona,1,"Montilivi, Palau",,650,70,9,3,1
girona,2,"Montilivi, Palau, Centre-Barri Vell",,550,54,10,2,1
girona,2,"Montilivi, Palau, Centre-Barri Vell",,1.150,116,10,4,1
girona,2,"Montilivi, Palau, Eixample Nord",,600,55,11,1,1
girona,2,"Montilivi, Palau, Eixample Nord",,700,100,7,4,2
girona,2,"Montilivi, Palau, Eixample Sud-Migdia",,1.200,160,8,4,2
girona,2,"Montilivi, Palau, Eixample Sud-Migdia",,650,50,13,2,1
girona,2,"Montilivi, Palau, Santa Eugenia",,750,110,7,3,2
girona,2,"Montilivi, Palau",,950,130,7,3,2
girona,2,"Montilivi, Palau, Eixample Sud-Migdia",,650,57,11,2,1
girona,2,"Montilivi, Palau, La Devesa",,700,65,11,2,1
girona,2,"Montilivi, Palau, Eixample Sud-Migdia",,625,65,10,2,1
girona,2,"Montilivi, Palau, Eixample Nord",,1.500,150,10,4,2
girona,2,"Montilivi, Palau, Centre-Barri Vell",,1.000,93,11,3,1
girona,2,"Montilivi, Palau, Eixample Sud-Migdia",,650,81,8,3,2
girona,2,"Montilivi, Palau, La Devesa",,675,68,10,2,1
girona,2,"Montilivi, Palau, La Devesa",,1.250,86,15,2,1
girona,2,"Montilivi, Palau, Montjuïc",,1.600,127,13,3,1
girona,2,"Montilivi, Palau, Centre-Carme",,795,80,10,3,1
girona,2,"Montilivi, Palau, Eixample Nord",,650,78,8,3,1
girona,2,"Montilivi, Palau, Eixample Nord",,750,85,9,2,2
girona,3,"Montilivi, Palau, La Devesa",,700,75,9,3,1
girona,3,"Montilivi, Palau, Eixample Sud-Migdia",,1.300,104,13,6,1
girona,3,"Montilivi, Palau, Eixample Sud-Migdia",,775,90,9,3,2
girona,3,"Montilivi, Palau, La Devesa",,1.400,120,12,4,2
girona,3,"Montilivi, Palau, Centre-Barri Vell",,750,75,10,1,1
girona,3,"Montilivi, Palau, Santa Eugenia",,625,62,10,1,1
girona,3,"Montilivi, Palau, Santa Eugenia",,550,95,6,2,1
girona,3,"Montilivi, Palau, Eixample Nord",,750,56,13,2,1
girona,3,"Montilivi, Palau, Eixample Nord",,750,80,9,2,1
girona,3,"Montilivi, Palau, Eixample Sud-Migdia",,800,90,9,2,2
girona,3,"Montilivi, Palau, Eixample Nord",,700,58,12,2,1
girona,3,"Montilivi, Palau, Santa Eugenia",,800,114,7,4,1
girona,3,"Montilivi, Palau, Pont Major-Pedret",,625,75,8,3,1
girona,3,"Montilivi, Palau, Eixample Sud-Migdia",,1.100,102,11,3,2
girona,3,"Montilivi, Palau, Eixample Nord",,700,73,10,3,1
girona,3,"Montilivi, Palau, Eixample Nord",,850,70,12,2,1
girona,3,"Montilivi, Palau, Centre-Barri Vell",,890,129,7,3,2
girona,3,"Montilivi, Palau, La Devesa",,1.200,90,13,3,1
girona,3,"Montilivi, Palau, Santa Eugenia",,650,80,8,3,1
girona,3,"Montilivi, Palau, Eixample Sud-Migdia",,700,54,13,2,1
girona,4,"Montilivi, Palau, Santa Eugenia",,750,90,8,3,2
girona,4,"Montilivi, Palau, Eixample Sud-Migdia",,875,85,10,3,2
girona,4,"Montilivi, Palau, La Devesa",,675,66,10,2,1
girona,4,"Montilivi, Palau, La Devesa",,950,100,10,2,1
girona,4,"Montilivi, Palau, Sant Daniel-Vila-roja",,750,80,9,3,1
girona,4,"Montilivi, Palau, Centre-Barri Vell",,750,100,8,3,1
girona,4,"Montilivi, Palau, Eixample Nord",,550,50,11,2,1
girona,4,"Montilivi, Palau, Eixample Sud-Migdia",,600,60,10,2,1
girona,4,"Montilivi, Palau, La Devesa",,975,110,9,3,2
girona,4,"Montilivi, Palau, Eixample Sud-Migdia",,575,45,13,1,1
girona,4,"Montilivi, Palau, Centre-Barri Vell",,1.000,120,8,4,2
girona,4,"Montilivi, Palau, Eixample Sud-Migdia",,600,50,12,1,1
girona,4,"Montilivi, Palau, Eixample Sud-Migdia",,750,92,8,2,1
girona,4,"Montilivi, Palau, La Devesa",,1.000,60,17,2,1
girona,4,"Montilivi, Palau, Santa Eugenia",,950,85,11,4,2
girona,4,"Montilivi, Palau, Centre-Barri Vell",,1.200,94,13,3,2
girona,4,"Montilivi, Palau, Sant Narcis",,750,91,8,3,1
girona,4,"Montilivi, Palau, Sant Narcis",,700,74,9,3,1
girona,4,"Montilivi, Palau, Centre-Carme",,780,95,8,3,1
girona,4,"Montilivi, Palau, Eixample Nord",,700,77,9,3,1
girona,5,"Montilivi, Palau, Eixample Nord",,1.100,146,8,4,2
girona,5,"Montilivi, Palau, Centre-Barri Vell",,1.000,100,10,3,2
girona,5,"Montilivi, Palau, Eixample Nord",,700,65,11,3,1
girona,5,"Montilivi, Palau, Centre-Carme",,680,72,9,2,1
girona,5,"Montilivi, Palau, Eixample Sud-Migdia",,650,66,10,2,1
girona,5,"Montilivi, Palau, La Devesa",,1.300,120,11,4,2
girona,5,"Montilivi, Palau",,1.350,160,8,3,2
girona,5,"Montilivi, Palau, Centre-Barri Vell",,1.600,77,21,2,2
girona,5,"Montilivi, Palau, Sant Narcis",,750,83,9,4,1
girona,5,"Montilivi, Palau, Eixample Sud-Migdia",,600,35,17,1,1
girona,5,"Montilivi, Palau, Eixample Sud-Migdia",,1.500,180,8,5,3
girona,5,"Montilivi, Palau, Centre-Barri Vell",,540,35,15,1,1
girona,5,"Montilivi, Palau, Eixample Nord",,850,90,9,3,2
girona,5,"Montilivi, Palau, Centre-Carme",,980,100,10,3,2
girona,5,"Montilivi, Palau, Centre-Barri Vell",,750,55,14,2,1
girona,5,"Montilivi, Palau, Centre-Barri Vell",,525,55,10,1,1
girona,5,"Montilivi, Palau, Centre-Barri Vell",,825,130,6,3,1
girona,5,"Montilivi, Palau",,700,66,11,2,1
girona,5,"Montilivi, Palau, Centre-Barri Vell",,880,75,12,2,1
girona,5,"Montilivi, Palau, La Devesa",,1.300,115,11,4,2
girona,6,"Montilivi, Palau, Eixample Nord",,750,80,9,3,1
girona,6,"Montilivi, Palau, Eixample Nord",,1.200,140,9,4,2
girona,6,"Montilivi, Palau, La Devesa",,850,100,9,3,2
girona,6,"Montilivi, Palau, Centre-Carme",,680,72,9,2,1
girona,6,"Montilivi, Palau, La Devesa",,1.300,186,7,4,2
girona,6,"Montilivi, Palau, Centre-Barri Vell",,800,78,10,3,1
girona,6,"Montilivi, Palau, Centre-Barri Vell",,1.400,120,12,3,2
girona,6,"Montilivi, Palau, Eixample Sud-Migdia",,775,72,11,3,2
girona,6,"Montilivi, Palau, Eixample Nord",,1.100,107,10,4,2
girona,6,"Montilivi, Palau, Centre-Barri Vell",,1.400,120,12,3,2
girona,6,"Montilivi, Palau, La Devesa",,900,95,9,4,2
girona,6,"Montilivi, Palau",,750,80,9,2,1
girona,6,"Montilivi, Palau, Santa Eugenia",,850,92,9,3,2
girona,6,"Montilivi, Palau, Pont Major-Pedret",,1.000,110,9,2,1
girona,6,"Montilivi, Palau",,775,69,11,2,1
girona,6,"Montilivi, Palau",,700,68,10,2,1
girona,6,"Montilivi, Palau, Eixample Nord",,630,40,16,1,1
girona,6,"Montilivi, Palau, Eixample Nord",,600,40,15,1,1
girona,6,"Montilivi, Palau, Centre-Barri Vell",,600,44,14,1,1
girona,6,"Montilivi, Palau, Eixample Sud-Migdia",,600,50,12,1,1
girona,7,"Montilivi, Palau",,650,76,9,3,1
girona,7,"Montilivi, Palau",,850,88,10,3,2
girona,7,"Montilivi, Palau, Santa Eugenia",,750,93,8,3,2
girona,7,"Montilivi, Palau, Eixample Nord",,850,95,9,3,2
girona,7,"Montilivi, Palau, Centre-Barri Vell",,650,62,10,2,2
girona,7,"Montilivi, Palau, La Devesa",,1.300,186,7,4,2
girona,7,"Montilivi, Palau, Eixample Sud-Migdia",,1.100,118,9,4,2
girona,7,"Montilivi, Palau, Eixample Sud-Migdia",,650,60,11,2,1
girona,7,"Montilivi, Palau, Eixample Nord",,680,72,9,2,1
girona,7,"Montilivi, Palau, Santa Eugenia",,695,81,9,3,1
girona,7,"Montilivi, Palau, Centre-Carme",,650,84,8,2,1
girona,7,"Montilivi, Palau, Centre-Barri Vell",,950,120,8,3,2
girona,7,"Montilivi, Palau, La Devesa",,1.300,100,13,4,2
girona,7,"Montilivi, Palau, La Devesa",,1.300,110,12,4,2
girona,7,"Montilivi, Palau",,900,102,9,4,2
girona,7,"Montilivi, Palau, Eixample Nord",,950,115,8,4,2
girona,7,"Montilivi, Palau, Centre-Barri Vell",,750,60,13,3,1
girona,7,"Montilivi, Palau, Eixample Nord",,700,50,14,2,1
girona,7,"Montilivi, Palau, Centre-Barri Vell",,750,80,9,3,1
girona,7,"Montilivi, Palau, Centre-Barri Vell",,1.300,130,10,4,2
girona,8,"Montilivi, Palau, La Devesa",,750,90,8,3,2
girona,8,"Montilivi, Palau, Centre-Barri Vell",,1.300,116,11,4,2
girona,8,"Montilivi, Palau, Santa Eugenia",,575,40,14,1,1
girona,8,"Montilivi, Palau, Eixample Nord",,700,80,9,3,1
girona,8,"Montilivi, Palau, La Devesa",,950,82,12,4,1
girona,8,"Montilivi, Palau, Centre-Barri Vell",,750,55,14,1,1
girona,8,"Montilivi, Palau, Centre-Barri Vell",,700,59,12,2,1
girona,8,"Montilivi, Palau, Centre-Barri Vell",,775,60,13,1,1
girona,8,"Montilivi, Palau, Eixample Sud-Migdia",,550,38,14,1,1
girona,8,"Montilivi, Palau, Centre-Barri Vell",,850,72,12,2,2
girona,8,"Montilivi, Palau, La Devesa",,850,94,9,3,2
girona,8,"Montilivi, Palau, La Devesa",,1.000,119,8,3,2
girona,8,"Montilivi, Palau, Eixample Nord",,1.000,85,12,3,1
girona,8,"Montilivi, Palau, Centre-Barri Vell",,950,85,11,3,2
girona,8,"Montilivi, Palau, La Devesa",,990,124,8,3,2
girona,8,"Montilivi, Palau, Centre-Barri Vell",,1.000,135,7,3,2
girona,8,"Montilivi, Palau, Centre-Barri Vell",,940,85,11,3,2
girona,8,"Montilivi, Palau, Centre-Barri Vell",,920,85,11,3,2
girona,8,"Montilivi, Palau, Centre-Barri Vell",,1.000,137,7,3,2
girona,8,"Montilivi, Palau, Eixample Sud-Migdia",,980,101,10,4,2
girona,9,"Montilivi, Palau, Eixample Nord",,700,60,12,2,1
girona,9,"Montilivi, Palau, La Devesa",,990,110,9,3,2
girona,9,"Montilivi, Palau, Centre-Barri Vell",,1.400,130,11,3,2
girona,9,"Montilivi, Palau, Centre-Barri Vell",,700,95,7,3,1
girona,9,"Montilivi, Palau, La Devesa",,1.200,90,13,3,1
girona,9,"Montilivi, Palau, Centre-Carme",,1.650,170,10,5,3
girona,9,"Montilivi, Palau, La Devesa",,700,87,8,3,1
girona,9,"Montilivi, Palau, Santa Eugenia",,800,112,7,3,2
girona,9,"Montilivi, Palau, Eixample Sud-Migdia",,980,113,9,4,2
girona,9,"Montilivi, Palau, La Devesa",,950,95,10,3,2
girona,9,"Montilivi, Palau, Centre-Barri Vell",,1.200,107,11,4,2
girona,9,"Montilivi, Palau, Eixample Nord",,650,65,10,2,1
girona,9,"Montilivi, Palau, Fontajau-Domeny",,650,65,10,2,1
girona,9,"Montilivi, Palau, Centre-Carme",,630,44,14,1,1
girona,9,"Montilivi, Palau, Eixample Sud-Migdia",,1.500,165,9,4,3
girona,9,"Montilivi, Palau",,980,94,10,3,2
girona,9,"Montilivi, Palau",,1.100,94,12,3,2
girona,9,"Montilivi, Palau, Centre-Barri Vell",,900,130,7,2,2
girona,9,"Montilivi, Palau, Eixample Nord",,900,110,8,4,1
girona,9,"Montilivi, Palau, Centre-Carme",,650,59,11,2,1
girona,10,"Montilivi, Palau, Pont Major-Pedret",,1.000,90,11,2,1
girona,10,"Montilivi, Palau, Centre-Barri Vell",,850,56,15,1,1
girona,10,"Montilivi, Palau, Centre-Carme",,550,20,28,,1
girona,10,"Montilivi, Palau, Eixample Nord",,670,70,10,2,1
girona,10,"Montilivi, Palau",,725,60,12,2,2
girona,10,"Montilivi, Palau, Centre-Barri Vell",,900,80,11,2,1
girona,10,"Montilivi, Palau, Centre-Barri Vell",,750,83,9,3,1
girona,10,"Montilivi, Palau, Eixample Nord",,825,65,13,3,1
girona,10,"Montilivi, Palau, Centre-Barri Vell",,1.000,85,12,3,2
girona,10,"Montilivi, Palau, Santa Eugenia",,540,48,11,1,1
girona,10,"Montilivi, Palau, Eixample Nord",,1.200,150,8,4,2
girona,10,"Montilivi, Palau, Eixample Nord",,1.200,150,8,5,2
girona,10,"Montilivi, Palau, Eixample Sud-Migdia",,800,65,12,3,2
girona,10,"Montilivi, Palau, La Devesa",,650,59,11,2,1
girona,10,"Montilivi, Palau, La Devesa",,650,67,10,2,1
girona,10,"Montilivi, Palau, Centre-Barri Vell",,800,100,8,3,1
girona,10,"Montilivi, Palau, Centre-Carme",,600,50,12,1,1
girona,10,"Montilivi, Palau, La Devesa",,500,85,6,2,1
girona,10,"Montilivi, Palau, Centre-Barri Vell",,850,90,9,2,2
girona,10,"Montilivi, Palau, Eixample Nord",,950,90,11,4,2
girona,11,"Montilivi, Palau, Eixample Nord",,1.600,280,6,3,2
girona,11,"Montilivi, Palau, Centre-Barri Vell",,850,90,9,2,2
girona,11,"Montilivi, Palau, Centre-Barri Vell",,1.100,80,14,1,1
girona,11,"Montilivi, Palau, Centre-Barri Vell",,1.500,120,13,4,2
girona,11,"Montilivi, Palau, Sant Narcis",,550,68,8,2,1
girona,11,"Montilivi, Palau, Eixample Sud-Migdia",,750,72,10,3,1
girona,11,"Montilivi, Palau, Eixample Nord",,680,66,10,2,1
girona,11,"Montilivi, Palau, La Devesa",,950,90,11,3,2
girona,11,"Montilivi, Palau, Centre-Barri Vell",,700,70,10,1,1
girona,11,"Montilivi, Palau, La Devesa",,950,95,10,3,2
girona,11,"Montilivi, Palau",,985,93,11,3,1
girona,11,"Montilivi, Palau, Eixample Nord",,900,153,6,3,2
girona,11,"Montilivi, Palau, Eixample Sud-Migdia",,850,105,8,4,2
girona,11,"Montilivi, Palau, Eixample Sud-Migdia",,1.200,140,9,4,2
girona,11,"Montilivi, Palau, Centre-Barri Vell",,700,75,9,2,1
girona,11,"Montilivi, Palau, Centre-Carme",,875,120,7,4,2
girona,11,"Montilivi, Palau, Eixample Nord",,1.200,130,9,4,3
girona,11,"Montilivi, Palau, Centre-Barri Vell",,1.700,130,13,2,2
girona,11,"Montilivi, Palau, Centre-Barri Vell",,900,70,13,2,1
girona,11,"Montilivi, Palau, Centre-Barri Vell",,1.200,150,8,1,1
girona,12,"Montilivi, Palau, Eixample Nord",,1.200,120,10,4,2
girona,12,"Montilivi, Palau, Centre-Barri Vell",,580,47,12,1,1
girona,12,"Montilivi, Palau, Eixample Nord",,1.200,130,9,4,3
girona,12,"Montilivi, Palau, La Devesa",,1.000,88,11,2,2
girona,12,"Montilivi, Palau, Eixample Sud-Migdia",,915,96,10,3,2
girona,12,"Montilivi, Palau, Eixample Sud-Migdia",,1.100,100,11,4,2
girona,12,"Montilivi, Palau, Eixample Sud-Migdia",,945,109,9,3,2
girona,12,"Montilivi, Palau, Centre-Barri Vell",,1.350,125,11,4,2
girona,12,"Montilivi, Palau, Eixample Sud-Migdia",,750,45,17,1,1
girona,12,"Montilivi, Palau, Centre-Barri Vell",,975,85,11,3,2
girona,12,"Montilivi, Palau, Eixample Nord",,1.400,150,9,5,2
girona,12,"Montilivi, Palau",,2.500,450,6,6,2
girona,12,"Montilivi, Palau, Eixample Sud-Migdia",,735,43,17,1,1
girona,12,"Montilivi, Palau",,3.500,380,9,6,4
girona,12,"Montilivi, Palau, Eixample Sud-Migdia",,945,109,9,3,2
girona,12,"Montilivi, Palau, Eixample Sud-Migdia",,915,96,10,3,2
girona,12,"Montilivi, Palau, La Devesa",,800,77,10,3,1
girona,12,"Montilivi, Palau, Centre-Barri Vell",,1.600,101,16,3,1
tarragona,1,Barris Marítims,,2.000,700,3,13,15
tarragona,1,Sant Pere i Sant Pau,,680,75,9,2,1
tarragona,1,Tarragona Capital,,800,120,7,3,2
tarragona,1,Nou Eixample,,1.400,125,11,4,2
tarragona,1,La Mora,,1.560,209,7,5,3
tarragona,1,La Mora,,1.550,200,8,5,4
tarragona,1,La Mora,Calle Margalló,1.600,241,7,4,2
tarragona,1,Nou Eixample,plaza josep roig reventos 19,700,65,11,2,1
tarragona,1,"Urbanitzacions de Llevant, Playa Sabinosa",Tomas Forteza i Segura 4,1.100,110,10,4,2
lleida,1,Centre Històric,,600,65,9,2,1
lleida,1,Centre Històric,,600,65,9,2,1
lleida,1,L'Horta,"Partida 90, 1º 1",700,150,5,3,2
lleida,1,Centre Històric,,600,65,9,2,1
lleida,1,Centre Històric,,750,140,5,6,1
lleida,1,"Joc de la Bola, Camp d'Esports, Ciutat Jardí","Dr. Fleming 9, 7º",650,90,7,3,1
lleida,1,"Centre Històric, PRAT DE LA RIBA - RICARDO VIÑES - SAN MARTIN",PRAT DE LA RIBA - RICARDO VIÑES - SAN MARTIN,750,140,5,6,1
lleida,1,"Centre Històric, RAMBLA FARRAN - PZA SAN JUAN",RAMBLA FARRAN - PZA SAN JUAN,600,65,9,2,1
lleida,1,"Bordeta, Joc de la Bola",,560,105,5,3,1
lleida,1,Cappont,"Bruc 5, 3º",480,70,7,2,1
lleida,1,Pardinyes,,400,82,5,3,2
lleida,1,"Centre Històric, Centre Històric",,480,70,7,2,1
lleida,1,"Bordeta, Clot-Príncep de Viana",,675,100,7,3,2
lleida,1,"Bordeta, Ciutat Jardí",,700,60,12,2,2
lleida,1,Cappont,,945,129,7,4,2
lleida,1,Pardinyes,,430,60,7,1,1
lleida,1,Mariola,,740,86,9,3,1
lleida,1,"Bordeta, Clot-Príncep de Viana",,550,113,5,3,2
lleida,1,Cappont,,920,110,8,3,2
lleida,1,"Centre Històric, Centre Històric",,575,85,7,3,2
lleida,2,"Bordeta, Rambla Ferran",,420,70,6,2,1
lleida,2,"Bordeta, Joc de la Bola",,600,85,7,2,1
lleida,2,"Bordeta, Clot-Príncep de Viana",,550,72,8,3,1
lleida,2,"Centre Històric, Centre Històric",,750,80,9,3,2
lleida,2,"Bordeta, Instituts-Universitat",,450,41,11,1,1
lleida,2,Mariola,,300,31,10,1,1
lleida,2,"Centre Històric, Centre Històric",,420,68,6,2,1
lleida,2,"Bordeta, Joc de la Bola",,650,60,11,1,1
lleida,2,Mariola,,600,100,6,3,2
lleida,2,"Bordeta, Clot-Príncep de Viana",,590,80,7,2,2
lleida,2,Mariola,,440,50,9,1,1
lleida,2,"Centre Històric, Centre Històric",,450,40,11,1,1
lleida,2,Pardinyes,,800,135,6,3,2
lleida,2,"Centre Històric, Centre Històric",,450,40,11,1,1
lleida,2,"Bordeta, Joc de la Bola",,590,60,10,2,1
lleida,2,"Bordeta, Instituts-Universitat",,1.000,160,6,4,2
lleida,2,"Centre Històric, Centre Històric",,600,65,9,2,1
lleida,2,"Centre Històric, Centre Històric",,600,95,6,3,1
lleida,2,Mariola,,600,90,7,3,2
lleida,2,"Bordeta, Rambla Ferran",,550,60,9,2,1
lleida,3,"Bordeta, Instituts-Universitat",,450,45,10,1,1
lleida,3,Cappont,,950,146,7,3,2
lleida,3,"Bordeta, Rambla Ferran",,430,65,7,2,1
lleida,3,"Centre Històric, Centre Històric",,450,45,10,1,1
lleida,3,"Centre Històric, Centre Històric",,450,45,10,1,1
lleida,3,"Centre Històric, Centre Històric",,450,41,11,1,1
lleida,3,"Bordeta, Balàfia",,450,90,5,3,1
lleida,3,"Centre Històric, Centre Històric",,450,50,9,1,1
lleida,3,"Bordeta, Balàfia",,550,90,6,3,1
lleida,3,"Centre Històric, Centre Històric",,600,65,9,2,2
lleida,3,"Bordeta, Clot-Príncep de Viana",,470,65,7,2,1
lleida,3,"Bordeta, Instituts-Universitat",,800,100,8,4,2
lleida,3,"Bordeta, Instituts-Universitat",,550,110,5,3,2
lleida,3,"Centre Històric, Centre Històric",,575,66,9,2,1
lleida,3,"Bordeta, Clot-Príncep de Viana",,900,130,7,4,1
lleida,3,"Bordeta, Instituts-Universitat",,550,100,6,4,1
lleida,3,"Bordeta, Instituts-Universitat",,550,65,8,,
lleida,3,Mariola,,600,85,7,3,1
lleida,3,"Bordeta, Instituts-Universitat",,600,85,7,2,1
lleida,3,"Bordeta, Balàfia",,460,70,7,2,1
lleida,4,"Bordeta, Joc de la Bola",,700,120,6,4,1
lleida,4,"Bordeta, Ciutat Jardí",,sin,650,,5,4
lleida,4,"Bordeta, Joc de la Bola",,490,45,11,1,1
lleida,4,"Bordeta, Instituts-Universitat",,600,90,7,3,2
lleida,4,"Bordeta, Instituts-Universitat",,600,75,8,3,1
lleida,4,Cappont,,600,140,4,2,1
lleida,4,"Centre Històric, Centre Històric",,600,69,9,2,1
lleida,4,"Bordeta, Rambla Ferran",,500,70,7,2,1
lleida,4,"Bordeta, Joc de la Bola",,700,90,8,4,2
lleida,4,Centre Històric,"Plaza la ereta 12, 4º 2",450,68,7,2,
lleida,4,"Bordeta, Ciutat Jardí",,2.375,533,4,5,5
lleida,4,"Bordeta, Joc de la Bola",,700,110,6,4,2
lleida,4,"Centre Històric, Centre Històric",,600,90,7,3,2
lleida,4,"Bordeta, Rambla Ferran",,550,70,8,2,1
lleida,4,"Centre Històric, Centre Històric",,500,45,11,1,1
lleida,4,"Bordeta, Clot-Príncep de Viana",,650,130,5,4,2
lleida,4,"Centre Històric, Centre Històric",,600,80,8,3,1
lleida,4,"Bordeta, Joc de la Bola",,750,120,6,4,2
lleida,4,"Centre Històric, Centre Històric",,600,65,9,2,1
lleida,4,Cappont,,800,99,8,3,2
lleida,5,"Centre Històric, Centre Històric",,600,65,9,2,1
lleida,5,"Bordeta, Clot-Príncep de Viana",,600,85,7,3,1
lleida,5,Cappont,,530,70,8,2,1
lleida,5,"Centre Històric, Centre Històric",,700,100,7,3,2
lleida,5,"Bordeta, Rambla Ferran",,550,70,8,2,1
lleida,5,"Centre Històric, Centre Històric",,465,70,7,2,1
lleida,5,Cappont,bruc 5,480,75,6,2,1
lleida,5,"Bordeta, Clot-Príncep de Viana",,950,90,11,3,2
lleida,5,"Bordeta, La Cerdera",,800,120,7,4,2
lleida,5,Mariola,,500,70,7,2,1
lleida,5,"Centre Històric, Centre Històric",,425,45,9,1,1
lleida,5,"Bordeta, Balàfia",,850,110,8,3,3
lleida,5,"Centre Històric, Centre Històric",,450,49,9,1,1
lleida,5,"Bordeta, Ciutat Jardí",,2.375,600,4,6,5
lleida,5,"Centre Històric, Centre Històric",,525,74,7,2,1
lleida,5,Pardinyes,,590,90,7,4,2
lleida,5,"Centre Històric, Centre Històric",,450,40,11,1,1
lleida,5,"Centre Històric, Centre Històric",,600,95,6,3,1
lleida,5,"Centre Històric, Centre Històric",,550,65,8,2,1
lleida,5,"Centre Històric, Centre Històric",,500,50,10,1,1
lleida,6,"Bordeta, Rambla Ferran",,600,80,8,3,2
lleida,6,"Bordeta, Rambla Ferran",,475,45,11,1,1
lleida,6,"Bordeta, Instituts-Universitat",,525,60,9,2,1
lleida,6,"Centre Històric, Centre Històric",,550,75,7,2,1
lleida,6,"Bordeta, Clot-Príncep de Viana",,500,60,8,2,1
lleida,6,"Centre Històric, Centre Històric",,530,40,13,1,1
lleida,6,"Bordeta, Joc de la Bola",,1.000,160,6,4,2
lleida,6,"Centre Històric, Centre Històric",,650,90,7,3,1
lleida,6,"Centre Històric, Centre Històric",,800,123,7,4,2
lleida,6,"Bordeta, Instituts-Universitat",,500,65,8,2,1
lleida,6,"Centre Històric, Centre Històric",,700,110,6,3,2
lleida,6,"Bordeta, Rambla Ferran",,475,45,11,1,1
lleida,6,"Bordeta, Ciutat Jardí",,1.800,400,5,7,6
lleida,6,"Bordeta, Instituts-Universitat",,500,60,8,1,1
lleida,6,"Centre Històric, Centre Històric",,750,131,6,4,2
lleida,6,"Bordeta, Joc de la Bola",,695,100,7,3,1
lleida,6,"Bordeta, Clot-Príncep de Viana",,650,90,7,2,1
lleida,6,"Bordeta, Clot-Príncep de Viana",,600,95,6,3,1
lleida,6,"Bordeta, Clot-Príncep de Viana",,650,135,5,3,2
lleida,6,"Bordeta, Clot-Príncep de Viana",,750,110,7,4,1
lleida,7,"Bordeta, Clot-Príncep de Viana",,500,55,9,2,1
lleida,7,"Bordeta, Instituts-Universitat",,500,55,9,1,1
lleida,7,"Centre Històric, Centre Històric",,850,138,6,3,2
lleida,7,Cappont,,800,90,9,2,2
lleida,7,"Bordeta, Instituts-Universitat",,550,60,9,2,1
lleida,7,"Centre Històric, Centre Històric",,800,105,8,2,2
lleida,7,"Bordeta, Clot-Príncep de Viana",,800,150,5,4,2
lleida,7,"Bordeta, Clot-Príncep de Viana",,700,70,10,3,1
lleida,7,"Centre Històric, Centre Històric",,580,75,8,1,2
lleida,7,"Centre Històric, Centre Històric",,580,75,8,1,2
lleida,7,"Bordeta, Ciutat Jardí",,2.375,635,4,7,4
lleida,7,"Centre Històric, Centre Històric",,600,86,7,3,2
lleida,7,"Bordeta, Joc de la Bola",,800,130,6,3,2
lleida,7,"Centre Històric, Centre Històric",,600,100,6,3,2
lleida,7,"Bordeta, La Bordeta",,800,145,6,5,3
lleida,7,"Bordeta, Ciutat Jardí",,1.200,850,1,4,3
lleida,7,"Bordeta, Clot-Príncep de Viana",,600,60,10,2,1
lleida,7,Cappont,,800,90,9,3,2
lleida,7,"Bordeta, Joc de la Bola",,825,129,6,4,2
lleida,7,"Bordeta, La Bordeta",,800,180,4,4,3
lleida,8,"Bordeta, Clot-Príncep de Viana",,1.200,162,7,5,1
lleida,8,"Bordeta, Clot-Príncep de Viana",,800,162,5,5,1
lleida,8,"Bordeta, Ciutat Jardí",,1.300,292,4,5,4
lleida,8,"Bordeta, Ciutat Jardí",,950,172,6,3,2
lleida,8,"Bordeta, Ciutat Jardí",,1.900,620,3,8,4
lleida,8,Mariola,,570,72,8,3,1
lleida,8,"Bordeta, Ciutat Jardí",,950,170,6,3,2
lleida,8,"Bordeta, Instituts-Universitat",,800,108,7,4,2
lleida,8,"Bordeta, Instituts-Universitat",,800,100,8,3,1
lleida,8,"Centre Històric, Centre Històric",,650,69,9,3,2
lleida,8,"Bordeta, Joc de la Bola",,1.250,240,5,5,4
lleida,8,"Bordeta, Ciutat Jardí",,2.200,305,7,6,4
lleida,8,"Bordeta, Joc de la Bola",,600,70,9,2,1
lleida,8,Mariola,,700,100,7,3,2
lleida,8,"Bordeta, Clot-Príncep de Viana",,650,90,7,3,1
lleida,8,"Centre Històric, Centre Històric",,1.500,245,6,4,2
lleida,8,Cappont,,700,70,10,2,2
lleida,8,"Centre Històric, Centre Històric",,600,60,10,2,2
lleida,8,"Bordeta, Ciutat Jardí",,1.800,500,4,6,4
lleida,8,"Centre Històric, Centre Històric",,850,120,7,3,2
lleida,9,"Bordeta, Clot-Príncep de Viana",,750,160,5,4,2
lleida,9,"Bordeta, Clot-Príncep de Viana",,850,136,6,4,2
lleida,9,"Centre Històric, Centre Històric",,850,138,6,3,2
lleida,9,"Bordeta, Clot-Príncep de Viana",,750,150,5,4,2
lleida,9,"Bordeta, Clot-Príncep de Viana",,830,130,6,4,2
lleida,9,"Bordeta, Ciutat Jardí",,500,60,8,2,1
lleida,9,"Bordeta, Ciutat Jardí",,2.375,533,4,5,6
lleida,9,"Bordeta, Clot-Príncep de Viana",,1.100,150,7,5,2
barcelona,1,Esquerra Eixample,,1.200,70,17,3,1
barcelona,1,Sarriá,,1.750,50,35,1,1
barcelona,1,Les Corts,,1.000,75,13,1,1
barcelona,1,Raval,,3.900,155,25,4,2
barcelona,1,Sants,Rambla de Badal,1.300,50,26,1,1
barcelona,1,Grácia,Carrer de València,1.600,110,15,2,1
barcelona,1,Guinardó,,1.800,150,12,3,2
barcelona,1,Sagrada Familia,,1.200,75,16,2,1
barcelona,1,Sarrià - Sant Gervasi,,2.900,100,29,2,2
barcelona,1,Guinardó,,925,75,12,3,1
barcelona,1,Clot,,1.850,95,19,3,1
barcelona,1,La Teixonera,,1.200,87,14,2,2
barcelona,1,Les Corts,,825,35,24,1,1
barcelona,1,Sant Martí,,2.400,100,24,2,2
barcelona,1,Guinardó,,2.000,230,9,5,2
barcelona,1,Sant Martí,,2.200,130,17,3,2
barcelona,1,Sant Martí,,4.500,237,19,4,2
barcelona,1,Sants Montjuic,,1.550,92,17,3,1
barcelona,1,Barceloneta,,1.950,120,16,4,2
barcelona,1,Horta,,1.275,124,10,2,1
barcelona,2,Prosperitat,,850,55,15,2,1
barcelona,2,Gotic,,730,60,12,1,1
barcelona,2,Gotic,,1.400,116,12,2,1
barcelona,2,Grácia,,795,28,28,1,1
barcelona,2,Sant Gervasi,,870,61,14,1,1
barcelona,2,Poble Nou,,1.600,98,16,2,2
barcelona,2,Grácia,,1.250,73,17,3,1
barcelona,2,Sant Antoni,,1.450,130,11,5,2
barcelona,2,Sants,Bonsoms 14 3,1.475,95,16,3,2
barcelona,2,Sant Andreu,,1.400,78,18,3,1
barcelona,2,Raval,,750,30,25,1,1
barcelona,2,Les Corts,,1.050,78,13,1,1
barcelona,2,Sant Martí,,900,65,14,2,1
barcelona,2,Sarrià - Sant Gervasi,,1.550,98,16,1,1
barcelona,2,Sant Martí,,1.500,40,38,1,1
barcelona,2,Ciutat Vella,,1.150,65,18,3,2
barcelona,2,Eixample,,1.200,62,19,2,1
barcelona,2,Eixample,,1.250,80,16,2,1
barcelona,2,Sant Martí,,950,45,21,1,1
barcelona,2,Ciutat Vella,,935,85,11,1,1
barcelona,3,Gotic,,900,35,26,1,1
barcelona,3,Raval,,875,52,17,2,1
barcelona,3,Gotic,,730,60,12,1,2
barcelona,3,Ciutat Vella,,1.000,55,18,1,1
barcelona,3,Prosperitat,,850,51,17,3,1
barcelona,3,Raval,,850,35,24,1,1
barcelona,3,Gotic,,2.300,150,15,4,2
barcelona,3,Ciutat Vella,,2.800,85,33,2,2
barcelona,3,Eixample,,2.500,130,19,2,2
barcelona,3,Sant Martí,,2.200,103,21,3,2
barcelona,3,Ciutat Vella,,1.300,54,24,2,1
barcelona,3,Sant Martí,,1.200,132,9,2,1
barcelona,3,Eixample,,1.650,90,18,3,1
barcelona,3,Sant Martí,,1.550,75,21,2,1
barcelona,3,Sant Martí,,1.400,90,16,3,1
barcelona,3,Sants Montjuic,,1.200,65,18,1,1
barcelona,3,Ciutat Vella,,1.500,83,18,2,1
barcelona,3,Eixample,,1.800,98,18,2,2
barcelona,3,Ciutat Vella,,1.250,54,23,2,1
barcelona,3,Clot,,950,35,27,1,1
barcelona,4,La Teixonera,,2.000,115,17,3,2
barcelona,4,Barcelona Capital,,1.500,97,15,3,1
barcelona,4,Sant Martí,,1.200,75,16,3,1
barcelona,4,Sant Martí,,2.500,55,45,1,1
barcelona,4,Sants,,1.050,74,14,3,1
barcelona,4,Sarrià - Sant Gervasi,,1.950,100,20,2,1
barcelona,4,Raval,,1.275,75,17,2,1
barcelona,4,Grácia,,1.700,114,15,4,2
barcelona,4,Raval,,1.100,86,13,1,1
barcelona,4,Clot,,1.250,68,18,1,1
barcelona,4,Sarrià - Sant Gervasi,,1.800,75,24,1,1
barcelona,4,Ciutat Vella,,1.089,45,24,1,1
barcelona,4,Ciutat Vella,,1.200,68,18,2,1
barcelona,4,Besós,,2.400,82,29,2,2
barcelona,4,Raval,,1.050,52,20,2,1
barcelona,4,Raval,,950,50,19,1,1
barcelona,4,Eixample,,1.600,95,17,3,1
barcelona,4,Ciutat Vella,,1.800,70,26,1,1
barcelona,4,Eixample,,2.350,105,22,3,1
barcelona,4,Eixample,,1.950,145,13,4,1
barcelona,5,Sarrià - Sant Gervasi,,2.000,85,24,1,1
barcelona,5,Sant Martí,,975,60,16,2,1
barcelona,5,Ciutat Vella,,1.200,75,16,1,1
barcelona,5,Besós,,2.400,101,24,3,2
barcelona,5,Eixample,,2.350,110,21,3,2
barcelona,5,Ciutat Vella,,1.400,110,13,2,1
barcelona,5,Les Corts,,2.850,150,19,4,2
barcelona,5,Eixample,,1.050,70,15,2,1
barcelona,5,Sant Martí,,1.850,100,19,3,1
barcelona,5,Ciutat Vella,,1.190,69,17,2,1
barcelona,5,Sarrià - Sant Gervasi,,1.325,63,21,1,1
barcelona,5,Sarrià - Sant Gervasi,,1.600,92,17,2,2
barcelona,5,Grácia,,1.600,75,21,3,1
barcelona,5,Guinardó,,3.100,163,19,4,2
barcelona,5,Eixample,,1.900,80,24,2,1
barcelona,5,Ciutat Vella,,1.300,100,13,2,2
barcelona,5,Grácia,,1.200,70,17,3,1
barcelona,5,Ciutat Vella,,3.000,98,31,2,1
barcelona,5,Ciutat Vella,,800,40,20,1,1
barcelona,5,Trinitat Vella,,1.350,67,20,2,1
barcelona,6,Trinitat Vella,,1.350,54,25,2,2
barcelona,6,Raval,,900,50,18,2,1
barcelona,6,Zona Franca - Port,,1.750,110,16,2,2
barcelona,6,Eixample,,8.500,146,58,4,2
barcelona,6,Pedralbes,,2.500,150,17,3,2
barcelona,6,Ciutat Vella,,850,53,16,1,1
barcelona,6,Eixample,,2.050,85,24,2,1
barcelona,6,Eixample,,2.100,67,31,2,1
barcelona,6,Sarrià - Sant Gervasi,,1.100,80,14,3,1
barcelona,6,Eixample,,1.600,75,21,2,1
barcelona,6,Eixample,,1.450,100,15,3,2
barcelona,6,Grácia,,1.000,50,20,1,1
barcelona,6,Grácia,,1.400,78,18,3,1
barcelona,6,Eixample,,2.500,118,21,4,2
barcelona,6,Ciutat Vella,,1.450,60,24,1,1
barcelona,6,Sant Andreu,,1.490,80,19,3,2
barcelona,6,Sants Montjuic,,1.095,73,15,2,1
barcelona,6,Sarrià - Sant Gervasi,,2.200,195,11,5,3
barcelona,6,Sant Martí,,1.700,117,15,3,2
barcelona,6,Eixample,,1.150,72,16,2,1
barcelona,7,Ciutat Vella,,1.950,190,10,4,1
barcelona,7,Raval,,950,50,19,2,1
barcelona,7,Sant Antoni,,1.550,80,19,3,2
barcelona,7,Pedralbes,,4.100,185,22,5,2
barcelona,7,Eixample,,3.000,160,19,3,3
barcelona,7,Eixample,,2.400,120,20,3,2
barcelona,7,Eixample,,1.850,140,13,3,2
barcelona,7,Les Corts,,1.900,78,24,2,1
barcelona,7,Sarrià - Sant Gervasi,,1.200,50,24,1,1
barcelona,7,Eixample,,1.500,130,12,3,2
barcelona,7,Raval,,890,30,30,1,1
barcelona,7,Dreta Eixample,Paseo PUIGMADRONA,2.400,240,10,4,3
barcelona,7,Gotic,,1.000,65,15,1,1
barcelona,7,Les Corts,,5.700,295,19,5,4
barcelona,7,Sant Antoni,,900,43,21,1,1
barcelona,7,Guinardó,,1.450,90,16,3,2
barcelona,7,Guinardó,,1.350,110,12,2,2
barcelona,7,Eixample,,1.500,80,19,3,2
barcelona,7,Sarriá,,1.700,131,13,3,2
barcelona,7,Eixample,,1.500,84,18,3,1
barcelona,8,Eixample,,1.110,70,16,2,1
barcelona,8,Eixample,,1.200,77,16,3,1
barcelona,8,Grácia,,1.200,90,13,3,1
barcelona,8,Eixample,,1.500,95,16,3,1
barcelona,8,Grácia,,2.400,115,21,3,2
barcelona,8,Eixample,,1.265,85,15,4,1
barcelona,8,La Teixonera,,1.224,75,16,1,1
barcelona,8,Eixample,,1.275,79,16,3,2
barcelona,8,Roquetes - Verdum,ALMAGRO,725,48,15,2,1
barcelona,8,Raval,,1.550,50,31,2,1
barcelona,8,Eixample,,1.050,73,14,1,1
barcelona,8,Sant Martí,,960,60,16,1,1
barcelona,8,Sarrià - Sant Gervasi,,3.800,454,8,6,4
barcelona,8,La Teixonera,,1.500,68,22,2,1
barcelona,8,Ciutat Vella,,1.250,80,16,2,1
barcelona,8,Les Corts,,2.050,190,11,4,2
barcelona,8,Sants Montjuic,,1.300,80,16,3,1
barcelona,8,Sant Martí,,3.900,146,27,3,2
barcelona,8,Sarrià - Sant Gervasi,,1.700,138,12,3,2
barcelona,8,Sarrià - Sant Gervasi,,1.350,71,19,2,1
barcelona,9,Eixample,,4.800,136,35,3,2
barcelona,9,Sarrià - Sant Gervasi,,2.900,220,13,4,3
barcelona,9,Eixample,,1.350,80,17,2,1
barcelona,9,Eixample,,2.500,90,28,2,2
barcelona,9,Grácia,,4.100,200,21,5,2
barcelona,9,Eixample,,1.450,120,12,5,2
barcelona,9,Sant Antoni,,1.350,80,17,1,1
barcelona,9,Grácia,,1.450,77,19,3,1
barcelona,9,Eixample,,1.300,98,13,4,2
barcelona,9,Grácia,,1.600,83,19,3,1
barcelona,9,Sagrada Familia,,1.300,80,16,3,2
barcelona,9,Eixample,,2.700,95,28,2,2
barcelona,9,Ciutat Vella,,1.350,75,18,2,1
barcelona,9,Ciutat Vella,,1.120,62,18,1,1
barcelona,9,Sant Martí,,2.000,140,14,2,2
barcelona,9,Les Corts,,2.750,165,17,5,3
barcelona,9,Sant Martí,,1.900,80,24,2,1
barcelona,9,Sarrià - Sant Gervasi,,1.750,55,32,1,1
barcelona,9,Sants Montjuic,,2.500,60,42,2,1
barcelona,9,Eixample,,2.250,88,26,2,1
barcelona,10,Eixample,,2.000,71,28,2,1
barcelona,10,Ciutat Vella,,3.300,87,38,2,2
barcelona,10,Sagrada Familia,,1.600,110,15,4,1
barcelona,10,Raval,,990,58,17,2,1
barcelona,10,Sarrià - Sant Gervasi,,1.750,104,17,3,2
barcelona,10,Sant Martí,,1.250,85,15,3,1
barcelona,10,Eixample,,1.500,76,20,2,1
barcelona,10,Eixample,,1.700,120,14,2,2
barcelona,10,Eixample,,1.800,67,27,2,1
barcelona,10,Eixample,,1.200,65,18,2,1
barcelona,10,Eixample,,1.700,80,21,3,1
barcelona,10,Les Corts,,1.800,140,13,4,2
barcelona,10,Besós,,2.000,75,27,1,1
barcelona,10,Raval,,1.200,35,34,1,1
barcelona,10,Sant Antoni,,1.500,85,18,3,1
barcelona,10,Eixample,,1.900,115,17,2,1
barcelona,10,Diagonal Mar i front Maritim del Poble Nou,,5.500,200,28,3,2
barcelona,10,Grácia,,1.400,80,18,4,1
barcelona,10,Eixample,,1.399,74,19,2,1
barcelona,10,Eixample,,1.400,80,18,2,1
barcelona,11,Diagonal Mar i front Maritim del Poble Nou,,2.200,100,22,2,1
barcelona,11,Raval,,1.150,59,19,1,1
barcelona,11,Guinardó,,1.300,85,15,3,1
barcelona,11,Sant Gervasi,,1.850,120,15,3,2
barcelona,11,Ciutat Vella,,3.000,87,34,2,2
barcelona,11,Eixample,,1.700,90,19,3,1
barcelona,11,Ciutat Vella,,1.600,113,14,2,1
barcelona,11,Sarrià - Sant Gervasi,,2.390,220,11,4,2
barcelona,11,Raval,,1.100,25,44,1,1
barcelona,11,Raval,,1.350,70,19,1,1
barcelona,11,Font de la Guatlla,,1.300,64,20,2,1
barcelona,11,La Teixonera,,2.500,110,23,5,3
barcelona,11,Gotic,,2.500,115,22,2,2
barcelona,11,Clot,,1.290,93,14,3,2
barcelona,11,Guinardó,,1.300,97,13,2,1
barcelona,11,Gotic,,1.090,44,25,1,1
barcelona,11,Eixample,,2.200,70,31,2,1
barcelona,11,Eixample,,1.350,80,17,2,1
barcelona,11,Eixample,,1.400,83,17,3,1
barcelona,11,Montjuïc,,1.550,87,18,3,1
barcelona,12,Vallcarca,,1.300,107,12,2,1
barcelona,12,Grácia,,1.100,85,13,4,1
barcelona,12,Verneda i La Pau,,1.350,65,21,2,1
barcelona,12,Sant Martí,,20.000,180,111,4,4
barcelona,12,La Teixonera,,1.350,73,18,3,1
barcelona,12,Eixample,,1.850,110,17,3,2
barcelona,12,Raval,,1.350,30,45,1,1
barcelona,12,Raval,,1.350,30,45,1,1
barcelona,12,Raval,,1.400,30,47,1,1
barcelona,12,Raval,,1.350,30,45,1,1
barcelona,12,Raval,,1.250,30,42,1,1
barcelona,12,Gotic,,1.200,52,23,2,1
barcelona,12,Gotic,,1.300,65,20,2,1
barcelona,12,Sarriá,Carrer de l'Emancipació,4.700,265,18,5,5
barcelona,12,Grácia,Carrer de València,1.600,110,15,2,1
barcelona,12,Sant Gervasi,,2.500,187,13,5,3
barcelona,12,Eixample,,1.300,50,26,1,1
barcelona,12,Sant Martí,,2.500,75,33,2,1
barcelona,12,Eixample,,2.500,100,25,3,2
barcelona,12,Gotic,,1.200,52,23,2,1
barcelona,13,Raval,,1.500,75,20,2,2
barcelona,13,Eixample,,1.400,75,19,3,2
barcelona,13,Sants,,1.300,75,17,2,1
barcelona,13,Sants Montjuic,,1.500,58,26,2,1
barcelona,13,Esquerra Eixample,Carrer del Rosselló,470,78,6,2,2
barcelona,13,Raval,,120,75,2,1,
barcelona,13,Sant Gervasi,"Miño 9, 4º",790,27,29,,1
barcelona,13,Raval,,650,30,22,1,
barcelona,13,La Font d'en Fargues,,1.150,50,23,4,1
barcelona,13,Montjuïc,,600,30,20,1,
barcelona,13,Raval,,900,65,14,3,
barcelona,13,Dreta Eixample,"AUSIAS MARC 17, 3º",1.400,80,18,2,1
barcelona,13,Raval,,900,38,24,4,1
barcelona,13,"Sant Pere, Santa Caterina i la Ribera",banys vells 1,1.100,90,12,2,1
barcelona,13,Raval,,950,,,1,
barcelona,13,Raval,,2.650,100,27,3,
barcelona,13,Raval,,1.500,68,22,3,
barcelona,13,Raval,,1.400,45,31,1,
barcelona,13,Raval,,1.400,45,31,1,
barcelona,13,Raval,,1.400,55,25,1,
barcelona,14,Raval,,1.400,45,31,1,
barcelona,14,Raval,,750,40,19,2,
barcelona,14,"Parc i Llacuna del Poble Nou, Carrera de marina","Carrera de Marina  102, Blq. 3, Esc. 3, 3º Derecho",850,90,9,3,
barcelona,14,Raval,,750,45,17,2,
barcelona,14,Raval,,725,40,18,2,
barcelona,14,Raval,,1.250,68,18,2,
barcelona,14,Raval,,1.000,35,29,1,
barcelona,14,Raval,,1.650,60,28,2,
barcelona,14,Raval,,1.550,80,19,2,
barcelona,14,Raval,,1.400,95,15,3,
barcelona,14,Raval,,950,55,17,2,
barcelona,14,Raval,,1.200,50,24,1,
barcelona,14,Raval,,1.200,50,24,1,
barcelona,14,Raval,,1.200,50,24,1,
barcelona,14,Raval,,1.200,50,24,1,
barcelona,14,Raval,,1.100,30,37,2,
barcelona,14,Raval,,1.450,45,32,1,
barcelona,14,Raval,,1.200,75,16,1,
barcelona,14,Raval,,1.200,75,16,1,
barcelona,14,Raval,,sin,75,,1,
barcelona,15,Raval,,1.100,,,2,
barcelona,15,Raval,,1.000,50,20,2,
barcelona,15,Raval,,1.290,70,18,2,
barcelona,15,Raval,,1.400,65,22,2,
barcelona,15,Raval,,1.100,,,2,
barcelona,15,Raval,,850,,,1,
barcelona,15,Sant Andreu,av. Meridiana 580,925,75,12,2,1
barcelona,15,Raval,,995,50,20,1,
barcelona,15,Raval,,1.095,52,21,1,
barcelona,15,Raval,,1.390,50,28,1,
barcelona,15,Esquerra Eixample,corsega,1.250,90,14,3,2
barcelona,15,Raval,,1.100,30,37,2,
barcelona,15,Raval,,1.550,,,2,
barcelona,15,Raval,,1.475,,,3,
barcelona,15,Raval,,1.000,30,33,2,
barcelona,15,Raval,,1.400,48,29,1,
barcelona,15,Raval,,950,60,16,2,
barcelona,15,Raval,,950,88,11,3,
barcelona,15,Raval,,1.365,60,23,2,
barcelona,15,Raval,,860,60,14,2,
barcelona,16,Raval,,1.400,40,35,1,1
barcelona,16,Poble - Sec,Fontrodona 21,880,55,16,2,1
barcelona,16,Raval,,2.000,100,20,3,
barcelona,16,Raval,,1.250,60,21,2,
barcelona,16,"Poble - Sec, Montjuic","Julia,  9",850,75,11,,
barcelona,16,Raval,,1.300,95,14,3,
barcelona,16,Raval,,1.650,65,25,2,
barcelona,16,Raval,,1.100,70,16,2,
barcelona,16,Raval,,1.050,30,35,1,
barcelona,16,Raval,,1.350,75,18,2,
barcelona,16,Raval,,1.000,70,14,1,
barcelona,16,Raval,,1.240,62,20,1,
barcelona,16,Raval,,1.550,55,28,2,
barcelona,16,Raval,,1.200,,,2,
barcelona,16,Raval,,1.250,50,25,1,
barcelona,16,Raval,,1.330,65,20,2,
barcelona,16,Raval,,1.450,90,16,3,
barcelona,16,Raval,,1.250,50,25,1,
barcelona,16,El Putget i Farró,PLAZA MAÑE I FLAQUER 1,1.040,70,15,3,1
barcelona,16,Raval,,1.000,50,20,3,
barcelona,17,Raval,,1.999,55,36,2,
barcelona,17,Raval,,960,56,17,2,
barcelona,17,Raval,,1.000,51,20,3,
barcelona,17,Raval,,1.395,78,18,2,
barcelona,17,Raval,,1.400,60,23,3,
barcelona,17,Raval,,1.300,60,22,2,
barcelona,17,Raval,,1.300,95,14,3,
barcelona,17,Raval,,1.100,72,15,2,
barcelona,17,Raval,,1.350,55,25,2,1
barcelona,17,Raval,,2.200,88,25,3,
barcelona,17,Raval,,1.800,90,20,2,
barcelona,17,Raval,,950,40,24,1,
barcelona,17,Raval,,900,40,23,1,
barcelona,17,Raval,,2.300,140,16,4,
barcelona,17,Raval,,950,,,2,
barcelona,17,Raval,,1.100,70,16,2,
barcelona,17,Sant Antoni,PARLAMENT,775,33,23,2,1
barcelona,17,Raval,,1.000,30,33,1,
barcelona,17,Raval,,740,35,21,1,
barcelona,17,Raval,,650,35,19,1,
barcelona,18,Raval,,2.100,80,26,2,
barcelona,18,Raval,,1.350,45,30,2,
barcelona,18,Raval,,1.400,50,28,2,
barcelona,18,Raval,,1.470,46,32,1,
barcelona,18,Raval,,650,35,19,1,
barcelona,18,Raval,,1.050,33,32,1,
barcelona,18,Raval,,1.600,60,27,2,
barcelona,18,Raval,,1.100,52,21,1,
barcelona,18,Gotic,,1.600,89,18,5,2
barcelona,18,Raval,,1.280,65,20,1,
barcelona,18,Raval,,1.500,63,24,2,
barcelona,18,Raval,,875,40,22,2,
barcelona,18,Raval,,1.090,60,18,1,
barcelona,18,Raval,,850,30,28,1,
barcelona,18,Guinardó,,1.200,80,15,2,1
barcelona,18,Raval,,750,50,15,2,
barcelona,18,Raval,,1.400,100,14,2,
barcelona,18,Raval,,1.650,,,3,
barcelona,18,Raval,,1.500,70,21,3,
barcelona,18,Raval,,1.800,75,24,3,
barcelona,19,Raval,,1.650,89,19,2,
barcelona,19,Raval,,1.050,30,35,1,
barcelona,19,Raval,,1.300,60,22,3,
barcelona,19,Raval,,895,33,27,1,
barcelona,19,Raval,,950,45,21,2,
barcelona,19,Raval,,2.550,76,34,4,
barcelona,19,Raval,,1.100,49,22,1,
barcelona,19,Raval,,877,65,13,2,
barcelona,19,Raval,,1.450,70,21,3,
barcelona,19,Raval,,1.390,70,20,1,
barcelona,19,Raval,,1.300,65,20,2,
barcelona,19,Raval,,790,45,18,1,
barcelona,19,Raval,,1.100,54,20,2,
barcelona,19,Raval,,1.355,50,27,2,
barcelona,19,Vilapiscina-Turó de la Peira,"Fabra y Puig 150, 5º 1",950,70,14,2,1
barcelona,19,Raval,,700,50,14,1,
barcelona,19,Raval,,1.850,90,21,3,
barcelona,19,Raval,,1.950,90,22,3,
barcelona,19,Raval,,1.650,,,1,
barcelona,19,Raval,,1.350,45,30,2,
barcelona,20,Raval,,1.700,51,33,1,
barcelona,20,Raval,,1.290,50,26,2,
barcelona,20,Raval,,1.500,60,25,2,
barcelona,20,Raval,,1.700,70,24,1,
barcelona,20,Raval,,1.300,45,29,2,
barcelona,20,Raval,,1.350,65,21,2,
barcelona,20,Raval,,1.700,70,24,3,
barcelona,20,Raval,,1.075,35,31,1,
barcelona,20,Raval,,1.400,65,22,3,
barcelona,20,Raval,,1.200,61,20,1,
barcelona,20,Raval,,1.650,,,2,
barcelona,20,Raval,,1.350,70,19,2,
barcelona,20,Grácia,,1.500,65,23,1,1
barcelona,20,Raval,,1.270,85,15,2,
barcelona,20,Raval,,1.710,60,29,1,
barcelona,20,Vilapiscina-Turó de la Peira,"pARDO 26, 5º 2",950,70,14,2,1
barcelona,20,Raval,,999,74,14,3,
barcelona,20,Raval,,1.500,74,20,2,
barcelona,20,Gotic,"Nou de St Francesc 5, 3º",1.080,64,17,2,1
barcelona,20,Gotic,,1.050,50,21,2,1
barcelona,21,Raval,,990,35,28,1,
barcelona,21,Raval,,1.120,40,28,2,
barcelona,21,Raval,,1.100,60,18,2,
barcelona,21,Raval,,790,50,16,2,
barcelona,21,Raval,,1.890,50,38,2,
barcelona,21,Raval,,890,55,16,1,
barcelona,21,Raval,,1.300,50,26,2,
barcelona,21,Raval,,2.500,75,33,2,
barcelona,21,Raval,,2.500,75,33,2,
barcelona,21,Raval,,800,34,24,1,
barcelona,21,Raval,,800,,,1,
barcelona,21,Raval,,1.600,200,8,2,
barcelona,21,Raval,,1.650,70,24,2,
barcelona,21,Raval,,1.550,40,39,1,
barcelona,21,Raval,,1.350,45,30,1,
barcelona,21,Raval,,1.682,42,40,1,
barcelona,21,Raval,,870,22,40,1,1
barcelona,21,Raval,,1.350,,,2,
barcelona,21,Raval,,1.350,80,17,2,
barcelona,21,Raval,,1.350,75,18,2,
barcelona,22,Raval,,2.000,135,15,5,
barcelona,22,Raval,,1.000,70,14,2,
barcelona,22,Raval,,990,40,25,1,
barcelona,22,Raval,,1.325,45,29,1,
barcelona,22,Raval,,1.250,55,23,2,
barcelona,22,Raval,,1.700,70,24,3,
barcelona,22,Raval,,1.175,42,28,1,
barcelona,22,Raval,,3.250,144,23,3,
barcelona,22,Verneda i La Pau,,2.100,70,30,3,2
barcelona,22,Raval,,900,38,24,3,1
barcelona,22,Raval,,1.900,85,22,4,
barcelona,22,Raval,,1.090,38,29,1,
barcelona,22,Raval,,1.600,80,20,3,
barcelona,22,Raval,,1.200,30,40,2,
barcelona,22,Raval,,1.099,65,17,1,
barcelona,22,Raval,,1.150,62,19,3,
barcelona,22,Raval,,1.750,86,20,3,
barcelona,22,Raval,,1.750,85,21,3,
barcelona,22,Raval,,950,92,10,1,
barcelona,22,Raval,,1.350,55,25,1,
barcelona,23,Raval,,1.300,47,28,1,
barcelona,23,Raval,,995,55,18,2,
barcelona,23,Raval,,899,40,22,1,
barcelona,23,Raval,,899,40,22,1,
barcelona,23,Raval,,899,45,20,1,
barcelona,23,Raval,,899,80,11,1,
barcelona,23,Raval,,1.090,60,18,1,
barcelona,23,Raval,,1.290,42,31,2,
barcelona,23,Raval,,1.000,35,29,1,
barcelona,23,Raval,,1.950,55,35,2,
barcelona,23,Raval,,1.650,,,2,
barcelona,23,Raval,,1.650,,,2,
barcelona,23,Raval,,1.650,70,24,2,
barcelona,23,Raval,,1.250,50,25,1,
barcelona,23,Raval,,1.090,35,31,1,
barcelona,23,Raval,,2.350,95,25,3,
barcelona,23,Raval,,2.400,95,25,4,
barcelona,23,Raval,,1.350,40,34,1,
barcelona,23,Raval,,1.250,20,63,2,
barcelona,23,Raval,,1.350,30,45,1,
barcelona,24,Raval,,950,50,19,2,
barcelona,24,Raval,,1.500,75,20,1,
barcelona,24,Raval,,1.650,78,21,1,
barcelona,24,Gotic,,1.200,60,20,3,2
barcelona,24,Raval,,900,40,23,1,
barcelona,24,Raval,,2.350,90,26,3,
barcelona,24,Raval,,1.695,65,26,2,
barcelona,24,Raval,,2.300,150,15,4,
barcelona,24,Raval,,1.950,60,33,3,
barcelona,24,Raval,,1.100,45,24,1,
barcelona,24,Raval,,1.200,75,16,1,
barcelona,24,Raval,,1.100,32,34,2,
barcelona,24,Raval,,1.100,,,1,
barcelona,24,Raval,,1.490,65,23,2,
barcelona,24,Raval,,1.595,,,2,
barcelona,24,Raval,,1.495,70,21,2,
barcelona,24,Raval,,1.495,60,25,2,
barcelona,24,Raval,,1.395,,,1,
barcelona,24,Raval,,1.595,70,23,1,
barcelona,24,Raval,,1.595,70,23,2,
barcelona,25,Raval,,1.750,102,17,2,
barcelona,25,Raval,,1.100,48,23,3,
barcelona,25,Raval,,1.085,60,18,2,
barcelona,25,Raval,,1.200,,,2,
barcelona,25,Raval,,1.350,75,18,2,
barcelona,25,Raval,,1.300,50,26,1,
barcelona,25,Raval,,850,60,14,1,
barcelona,25,Gotic,Nou de St Francesc 5,1.180,49,24,1,1
barcelona,25,Raval,,900,50,18,1,
barcelona,25,Raval,,1.200,,,2,
barcelona,25,Raval,,995,50,20,1,
barcelona,25,Raval,,1.000,,,1,
barcelona,25,Raval,,1.200,,,2,
barcelona,25,Raval,,1.200,,,2,
barcelona,25,Raval,,1.200,,,2,
barcelona,25,Raval,,1.200,,,2,
barcelona,25,Raval,,1.200,,,2,
barcelona,25,Raval,,1.000,,,1,
barcelona,25,Raval,,1.000,,,1,
barcelona,25,Raval,,1.000,,,1,
barcelona,26,Raval,,1.000,,,1,
barcelona,26,Raval,,1.000,,,1,
barcelona,26,Raval,,1.000,,,1,
barcelona,26,Raval,,1.000,,,1,
barcelona,26,Raval,,1.150,67,17,2,
barcelona,26,Raval,,1.240,,,1,
barcelona,26,Raval,,1.845,55,34,1,
barcelona,26,Raval,,1.630,71,23,3,
barcelona,26,Raval,,1.490,,,2,
barcelona,26,Raval,,2.315,90,26,2,
barcelona,26,Raval,,1.465,50,29,1,
barcelona,26,Raval,,1.500,60,25,2,
barcelona,26,Raval,,1.490,45,33,1,
barcelona,26,Raval,,1.400,65,22,2,
barcelona,26,Raval,,1.300,70,19,2,
barcelona,26,Raval,,2.500,64,39,3,
barcelona,26,Raval,,995,50,20,1,
barcelona,26,Raval,,2.100,80,26,3,
barcelona,26,Raval,,1.300,55,24,2,
barcelona,26,Raval,,1.200,50,24,2,
barcelona,27,Raval,,2.000,120,17,5,
barcelona,27,Raval,,790,33,24,1,
barcelona,27,Raval,,1.100,50,22,2,
barcelona,27,Raval,,1.300,38,34,2,
barcelona,27,Raval,,1.400,55,25,1,
barcelona,27,Raval,,3.600,139,26,5,
barcelona,27,Raval,,1.250,60,21,2,
barcelona,27,Raval,,1.395,105,13,2,
barcelona,27,Raval,,1.395,105,13,2,
barcelona,27,Raval,,1.290,105,12,2,
barcelona,27,Raval,,1.395,105,13,2,
barcelona,27,Raval,,1.395,105,13,2,
barcelona,27,Raval,,1.290,105,12,2,
barcelona,27,Raval,,1.390,105,13,2,
barcelona,27,Raval,,1.390,105,13,2,
barcelona,27,Raval,,990,35,28,1,
barcelona,27,Raval,,990,32,31,1,
barcelona,27,Raval,,990,50,20,1,
barcelona,27,Raval,,1.650,60,28,2,
barcelona,27,Raval,,2.250,,,2,
barcelona,28,Raval,,1.850,,,1,
barcelona,28,Raval,,1.800,65,28,2,
barcelona,28,Raval,,1.700,65,26,2,
barcelona,28,Raval,,1.650,140,12,4,
barcelona,28,Raval,,1.650,95,17,4,
barcelona,28,Raval,,750,30,25,1,
barcelona,28,Raval,,1.650,49,34,3,
barcelona,28,Raval,,1.550,65,24,2,
barcelona,28,Raval,,1.950,110,18,2,
barcelona,28,Raval,,1.500,,,2,
barcelona,28,Raval,,1.500,,,2,
barcelona,28,Raval,,1.500,,,2,
barcelona,28,Raval,,995,50,20,1,
barcelona,28,Raval,,1.300,,,1,
barcelona,28,Raval,,1.300,,,1,
barcelona,28,Raval,,1.300,,,1,
barcelona,28,Raval,,1.300,,,1,
barcelona,28,Raval,,1.300,,,1,
barcelona,28,Raval,,1.300,,,1,
barcelona,28,Raval,,1.300,,,1,
barcelona,29,Raval,,1.300,,,1,
barcelona,29,Raval,,1.300,,,1,
barcelona,29,Raval,,1.300,,,1,
barcelona,29,Raval,,1.300,,,1,
barcelona,29,Raval,,1.300,,,1,
barcelona,29,Raval,,1.300,,,1,
barcelona,29,Raval,,1.300,,,1,
barcelona,29,Raval,,1.500,55,27,2,
barcelona,29,Raval,,1.500,55,27,2,
barcelona,29,Raval,,1.500,55,27,2,
barcelona,29,Raval,,2.500,65,38,2,
barcelona,29,Raval,,1.450,,,2,
barcelona,29,Raval,,1.650,,,2,
barcelona,29,Raval,,1.000,45,22,2,
barcelona,29,Raval,,1.500,50,30,2,
barcelona,29,Raval,,1.100,55,20,1,
barcelona,29,Raval,,2.550,80,32,2,
barcelona,29,Raval,,2.450,80,31,3,
barcelona,29,Raval,,2.370,65,36,2,
barcelona,29,Raval,,2.300,60,38,1,
barcelona,30,Raval,,2.850,,,3,
barcelona,30,Raval,,2.500,,,3,
barcelona,30,Raval,,2.850,,,3,
barcelona,30,Raval,,2.850,,,2,
barcelona,30,Raval,,2.850,,,2,
barcelona,30,Raval,,2.850,75,38,2,
barcelona,30,Raval,,1.700,95,18,2,
barcelona,30,Raval,,2.850,70,41,2,
barcelona,30,Raval,,1.150,85,14,1,
barcelona,30,Raval,,1.400,44,32,1,
barcelona,30,Raval,,1.200,35,34,1,
barcelona,30,Raval,,1.360,60,23,3,
barcelona,30,Raval,,1.360,70,19,3,
barcelona,30,Raval,,1.100,40,28,1,
barcelona,30,Raval,,1.100,40,28,1,
barcelona,30,Raval,,750,75,10,1,
barcelona,30,Raval,,2.039,110,19,3,
barcelona,30,Raval,,1.150,40,29,1,
barcelona,30,Raval,,1.260,78,16,1,
barcelona,30,Raval,,1.200,67,18,3,
barcelona,31,Raval,,1.650,44,38,,
barcelona,31,Raval,,1.200,64,19,2,
barcelona,31,Raval,,1.800,66,27,3,
barcelona,31,Raval,,1.800,50,36,3,
barcelona,31,Raval,,1.300,66,20,3,
barcelona,31,Raval,,1.600,80,20,2,
barcelona,31,Raval,,1.650,78,21,2,
barcelona,31,Raval,,1.600,75,21,3,
barcelona,31,Raval,,1.950,,,2,
barcelona,31,Raval,,1.800,60,30,3,
barcelona,31,Raval,,1.200,67,18,3,
barcelona,31,Raval,,1.600,60,27,2,
barcelona,31,Raval,,1.400,80,18,3,
barcelona,31,Raval,,1.950,65,30,2,
barcelona,31,Raval,,1.800,40,45,2,
barcelona,31,Raval,,1.200,60,20,2,
barcelona,31,Raval,,1.200,46,26,3,
barcelona,31,Raval,,2.600,135,19,5,
barcelona,31,Raval,,1.500,42,36,3,
barcelona,31,Raval,,1.400,84,17,3,
barcelona,32,Raval,,1.200,40,30,1,
barcelona,32,Raval,,2.500,88,28,3,
barcelona,32,Raval,,1.450,,,1,
barcelona,32,Raval,,2.300,70,33,3,
barcelona,32,Raval,,1.200,60,20,3,
barcelona,32,Raval,,1.100,60,18,3,
barcelona,32,Raval,,2.450,80,31,3,
barcelona,32,Raval,,1.300,68,19,2,
barcelona,32,Raval,,2.300,90,26,3,
barcelona,32,Raval,,1.400,68,21,2,
barcelona,32,Raval,,2.450,65,38,3,
barcelona,32,Raval,,1.700,68,25,2,
barcelona,32,Raval,,1.900,46,41,1,
barcelona,32,Raval,,1.650,,,2,
barcelona,32,Raval,,1.200,,,2,
barcelona,32,Raval,,2.300,115,20,3,
barcelona,32,Raval,,1.200,80,15,3,
barcelona,32,Raval,,1.200,60,20,1,
barcelona,32,Raval,,2.300,84,27,3,
barcelona,32,Raval,,1.200,59,20,1,
barcelona,33,Raval,,1.500,68,22,2,
barcelona,33,Raval,,2.450,75,33,3,
barcelona,33,Raval,,2.500,110,23,3,
barcelona,33,Raval,,1.700,76,22,3,
barcelona,33,Raval,,2.600,,,3,
barcelona,33,Raval,,1.500,,,2,
barcelona,33,Raval,,1.300,54,24,3,
barcelona,33,Raval,,1.800,95,19,4,
barcelona,33,Raval,,1.300,50,26,3,
barcelona,33,Raval,,1.300,82,16,3,
barcelona,33,Raval,,1.300,90,14,3,
barcelona,33,Raval,,1.800,83,22,4,
barcelona,33,Raval,,1.300,54,24,3,
barcelona,33,Raval,,2.400,100,24,4,
barcelona,33,Raval,,1.300,52,25,2,
barcelona,33,Raval,,1.650,,,1,
barcelona,33,Raval,,1.200,,,2,
barcelona,33,Raval,,1.500,,,3,
barcelona,33,Raval,,1.200,40,30,1,
barcelona,33,Raval,,1.200,110,11,3,
barcelona,34,Raval,,1.200,75,16,2,
barcelona,34,Raval,,1.950,60,33,1,
barcelona,34,Raval,,1.950,50,39,1,
barcelona,34,Raval,,1.800,,,3,
barcelona,34,Raval,,2.950,90,33,4,
barcelona,34,Raval,,3.100,90,34,4,
barcelona,34,Raval,,2.700,120,23,4,
barcelona,34,Raval,,1.900,113,17,4,
barcelona,34,Raval,,2.950,100,30,4,
barcelona,34,Raval,,1.700,111,15,4,
barcelona,34,Raval,,1.200,,,3,
barcelona,34,Raval,,2.950,90,33,3,
barcelona,34,Raval,,1.200,89,13,3,
barcelona,34,Raval,,3.250,115,28,3,
barcelona,34,Raval,,2.950,90,33,3,
barcelona,34,Raval,,1.200,60,20,2,
barcelona,34,Raval,,2.150,65,33,2,
barcelona,34,Raval,,2.150,60,36,2,
barcelona,34,Raval,,2.950,90,33,2,
barcelona,34,Raval,,2.150,60,36,2,
barcelona,35,Raval,,2.150,75,29,2,
barcelona,35,Raval,,1.900,80,24,2,
barcelona,35,Raval,,2.150,80,27,2,
barcelona,35,Raval,,2.000,73,27,3,
barcelona,35,Raval,,2.100,92,23,3,
barcelona,35,Raval,,1.300,99,13,3,
barcelona,35,Raval,,1.200,70,17,2,
barcelona,35,Raval,,1.450,,,1,
barcelona,35,Raval,,1.300,56,23,2,
barcelona,35,Raval,,1.950,,,2,
barcelona,35,Raval,,1.950,,,2,
barcelona,35,Raval,,1.200,,,2,
barcelona,35,Raval,,1.900,87,22,2,
barcelona,35,Raval,,1.450,,,2,
barcelona,35,Raval,,1.450,,,1,
barcelona,35,Raval,,1.200,,,2,
barcelona,35,Raval,,1.100,60,18,2,
barcelona,35,Raval,,1.100,,,2,
barcelona,35,Raval,,1.200,,,2,
barcelona,35,Raval,,1.100,68,16,2,
barcelona,36,Raval,,1.950,,,2,
barcelona,36,Raval,,1.100,64,17,2,
barcelona,36,Raval,,1.400,,,2,
barcelona,36,Raval,,1.200,35,34,2,
barcelona,36,Raval,,1.200,66,18,1,
barcelona,36,Raval,,1.700,,,3,
barcelona,36,Raval,,1.300,,,3,
barcelona,36,Raval,,2.500,90,28,4,
barcelona,36,Raval,,1.100,58,19,2,
barcelona,36,Raval,,1.300,,,2,
barcelona,36,Raval,,1.200,55,22,2,
barcelona,36,Raval,,1.600,65,25,3,
barcelona,36,Raval,,1.600,105,15,4,
barcelona,36,Raval,,1.300,88,15,3,
barcelona,36,Raval,,1.500,,,2,
barcelona,36,Raval,,1.700,47,36,2,
barcelona,36,Raval,,1.700,68,25,2,
barcelona,36,Raval,,1.200,68,18,2,
barcelona,36,Raval,,1.300,68,19,2,
barcelona,36,Raval,,2.300,40,58,1,
barcelona,37,Raval,,1.500,68,22,2,
barcelona,37,Raval,,1.600,63,25,1,
barcelona,37,Raval,,1.400,68,21,2,
barcelona,37,Raval,,2.000,73,27,2,
barcelona,37,Raval,,1.500,45,33,2,
barcelona,37,Raval,,1.300,65,20,4,
barcelona,37,Raval,,1.300,53,25,1,
barcelona,37,Raval,,1.300,70,19,2,
barcelona,37,Raval,,1.200,40,30,1,
barcelona,37,Raval,,1.600,50,32,1,
barcelona,37,Raval,,1.800,65,28,2,
barcelona,37,Raval,,1.800,65,28,2,
barcelona,37,Raval,,2.200,100,22,2,
barcelona,37,Raval,,1.350,38,36,1,
barcelona,37,Raval,,1.250,90,14,1,
barcelona,37,Raval,,1.970,55,36,1,
barcelona,37,Raval,,1.750,60,29,2,
barcelona,37,Raval,,1.650,50,33,2,
barcelona,37,Raval,,1.400,90,16,2,
barcelona,37,Raval,,990,25,40,1,
barcelona,38,Raval,,1.100,,,1,
barcelona,38,Raval,,1.700,75,23,3,
barcelona,38,Raval,,1.300,,,1,
barcelona,38,Raval,,1.300,,,1,
barcelona,38,Raval,,1.690,70,24,2,
barcelona,38,Raval,,1.300,55,24,1,
barcelona,38,Raval,,1.100,57,19,1,
barcelona,38,Raval,,1.360,50,27,1,
barcelona,38,Raval,,2.095,84,25,2,
barcelona,38,Raval,,950,26,37,1,
barcelona,38,Raval,,1.450,35,41,1,
barcelona,38,Raval,,1.400,70,20,3,
barcelona,38,Raval,,1.300,35,37,1,
barcelona,38,Raval,,1.100,,,2,
barcelona,38,Raval,,1.350,47,29,1,
barcelona,38,Raval,,1.000,30,33,2,
barcelona,38,Raval,,1.200,100,12,2,
barcelona,38,Raval,,1.100,70,16,2,
barcelona,38,Raval,,1.600,90,18,3,
barcelona,38,Raval,,1.300,70,19,3,
barcelona,39,Raval,,1.400,70,20,3,
barcelona,39,Raval,,1.150,60,19,2,
barcelona,39,Raval,,1.050,70,15,2,
barcelona,39,Raval,,1.000,49,20,2,
barcelona,39,Raval,,1.000,50,20,1,
barcelona,39,Raval,,950,50,19,1,
barcelona,39,Raval,,800,51,16,2,
barcelona,39,Raval,,1.500,90,17,2,
barcelona,39,Raval,,1.300,38,34,2,
barcelona,39,Raval,,1.300,38,34,2,
barcelona,39,Raval,,1.250,35,36,1,
barcelona,39,Raval,,1.295,43,30,1,
barcelona,39,Raval,,1.700,60,28,3,
barcelona,39,Prosperitat,,1.250,60,21,2,1
barcelona,39,Raval,,1.500,40,38,2,2
barcelona,39,Sant Antoni,,1.400,70,20,1,1
barcelona,39,Dreta Eixample,,1.400,45,31,2,1
barcelona,39,Fort Pius,,1.800,45,40,3,2
barcelona,39,Raval,,1.710,42,41,2,
barcelona,39,Raval,,1.100,35,31,2,
barcelona,40,Raval,,1.200,70,17,1,
barcelona,40,Raval,,800,40,20,1,
barcelona,40,Raval,,1.700,95,18,3,
barcelona,40,Raval,,1.100,60,18,1,
barcelona,40,Raval,,1.100,,,1,
barcelona,40,Raval,,1.900,,,2,
barcelona,40,Raval,,1.750,70,25,3,
barcelona,40,Raval,,1.800,80,23,3,
barcelona,40,Raval,,1.290,75,17,2,
barcelona,40,Raval,,2.250,120,19,3,
barcelona,40,Raval,,850,45,19,1,
barcelona,40,Raval,,1.000,50,20,2,
barcelona,40,Raval,,2.850,,,3,
barcelona,40,Raval,,2.200,,,3,
barcelona,40,Raval,,1.350,70,19,2,
barcelona,40,Raval,,2.250,130,17,3,
barcelona,40,Raval,,2.100,79,27,3,
barcelona,40,Raval,,1.500,120,13,2,
barcelona,40,Raval,,2.350,71,33,2,
barcelona,40,Raval,,1.300,100,13,3,
barcelona,41,Raval,,1.250,50,25,2,
barcelona,41,Raval,,1.250,50,25,2,
barcelona,41,Raval,,1.250,75,17,2,
barcelona,41,Raval,,1.250,,,2,
barcelona,41,Raval,,1.200,45,27,1,
barcelona,41,Raval,,1.475,58,25,1,
barcelona,41,Raval,,1.600,60,27,2,
barcelona,41,Raval,,1.350,55,25,2,
barcelona,41,Raval,,1.850,,,1,
barcelona,41,Raval,,1.500,,,1,
barcelona,41,Raval,,1.500,47,32,1,
barcelona,41,Raval,,1.650,,,2,
barcelona,41,Raval,,900,30,30,1,
barcelona,41,Raval,,900,50,18,2,
barcelona,41,Les Corts,"Avda. de Madrid, 3º",1.300,80,16,3,1
barcelona,41,Raval,,1.200,80,15,1,
barcelona,41,Raval,,950,,,2,
barcelona,41,Raval,,1.350,58,23,2,
barcelona,41,Raval,,1.300,40,33,2,
barcelona,41,Raval,,1.700,,,3,
barcelona,42,Raval,,1.300,,,1,
barcelona,42,Raval,,1.200,,,3,
barcelona,42,Raval,,1.200,,,2,
barcelona,42,Raval,,1.300,,,3,
barcelona,42,Raval,,1.200,,,2,
barcelona,42,Raval,,1.150,,,2,
barcelona,42,Raval,,1.250,,,3,
barcelona,42,Raval,,1.400,,,3,
barcelona,42,Raval,,1.150,,,3,
barcelona,42,Raval,,1.250,,,2,
barcelona,42,Raval,,3.500,115,30,3,
barcelona,42,Raval,,2.800,90,31,2,
barcelona,42,Raval,,1.200,48,25,2,
barcelona,42,Raval,,1.050,,,1,
barcelona,42,Raval,,1.000,,,2,
barcelona,42,Raval,,1.200,90,13,3,
barcelona,42,Raval,,850,,,1,
barcelona,42,Raval,,1.900,120,16,2,
barcelona,42,Raval,,1.450,53,27,2,
barcelona,42,Raval,,1.600,75,21,1,
barcelona,43,Raval,,1.300,77,17,2,
barcelona,43,Raval,,990,35,28,1,
barcelona,43,Raval,,1.900,63,30,2,
barcelona,43,Raval,,1.100,70,16,2,
barcelona,43,Raval,,1.700,70,24,3,
barcelona,43,Raval,,1.750,65,27,2,
barcelona,43,Raval,,1.100,34,32,1,
barcelona,43,Raval,,1.700,,,3,
barcelona,43,Raval,,1.600,75,21,3,
barcelona,43,Raval,,1.350,80,17,3,
barcelona,43,Raval,,1.350,80,17,3,
barcelona,43,Raval,,1.350,80,17,3,
barcelona,43,Raval,,1.350,80,17,3,
barcelona,43,Raval,,1.350,80,17,3,
barcelona,43,Raval,,1.350,80,17,3,
barcelona,43,Raval,,1.350,80,17,3,
barcelona,43,Raval,,1.350,80,17,3,
barcelona,43,Raval,,1.350,80,17,3,
barcelona,43,Raval,,1.350,80,17,2,
barcelona,43,Raval,,1.700,,,3,
barcelona,44,Raval,,930,50,19,1,
barcelona,44,Raval,,1.000,34,29,1,
barcelona,44,Raval,,2.100,100,21,3,
barcelona,44,Raval,,1.250,60,21,2,
barcelona,44,Raval,,1.000,35,29,1,
barcelona,44,Raval,,1.400,60,23,2,
barcelona,44,Raval,,1.500,,,4,
barcelona,44,Raval,,1.590,,,2,
barcelona,44,Raval,,2.100,86,24,2,
barcelona,44,Raval,,1.290,55,23,1,
barcelona,44,Raval,,1.250,50,25,2,
barcelona,44,Raval,,1.250,50,25,2,
barcelona,44,Raval,,1.250,50,25,2,
barcelona,44,Raval,,1.250,50,25,2,
barcelona,44,Raval,,1.590,50,32,1,
barcelona,44,Raval,,1.700,85,20,3,
barcelona,44,Raval,,1.200,55,22,2,
barcelona,44,Raval,,1.700,110,15,3,
barcelona,44,Trinitat Vella,,1.050,46,23,1,1
barcelona,44,Trinitat Vella,,1.320,60,22,1,1
barcelona,45,Raval,,1.100,52,21,2,
barcelona,45,Raval,,2.000,110,18,3,
barcelona,45,Raval,,1.500,65,23,1,
barcelona,45,Raval,,1.800,65,28,1,
barcelona,45,Raval,,2.000,100,20,3,
barcelona,45,Raval,,1.900,100,19,3,
barcelona,45,Raval,,1.950,100,20,3,
barcelona,45,Raval,,1.900,100,19,3,
barcelona,45,Raval,,2.000,90,22,3,
barcelona,45,Raval,,1.900,70,27,3,
barcelona,45,Raval,,1.590,70,23,2,
barcelona,45,Raval,,1.590,50,32,1,
barcelona,45,Raval,,1.100,50,22,2,
